,Strike ID,Date,Country,Latitude,Longitude,Children Killed,Civilians Killed,Total Killed,Year
0,55c79e711cbee48856a30886,2002-11-03,Yemen,15.47467,45.322755,0,0,6,2002
1,55c79e711cbee48856a30887,2002-11-03,Pakistan,32.30512565,69.57624435,2,2,8,2004
2,55c79e711cbee48856a30888,2002-11-03,Pakistan,32.98677989,70.26082993,0,0,2,2005
3,55c79e721cbee48856a30889,2002-11-03,Pakistan,32.99988191,70.34082413,3,8,8,2005
4,55c79e721cbee48856a3088a,2002-11-03,Pakistan,33.00866349,70.04196167,2,2,5,2005
5,55c79e721cbee48856a3088b,2002-11-03,Pakistan,33.09499311,70.05912781,1,4,8,2006
6,55c79e721cbee48856a3088c,2002-11-03,Pakistan,34.81549453,71.4969635,5,18,22,2006
7,55c79e721cbee48856a3088d,2002-11-03,Pakistan,34.83634999,71.49215698,69,82,83,2006
8,55c79e721cbee48856a3088e,2002-11-03,Pakistan,32.83575063,69.55581665,1,8,8,2007
9,55c79e721cbee48856a3088f,2002-11-03,Pakistan,33.09499311,70.05912781,0,4,4,2007
10,55c79e721cbee48856a30890,2002-11-03,Pakistan,32.98879572,70.28743744,0,34,34,2007
11,55c79e721cbee48856a30891,2002-11-03,Pakistan,33.020179,70.07286072,0,0,10,2007
12,55c79e721cbee48856a30892,2002-11-03,Pakistan,32.80285902,70.48690796,0,0,0,2007
13,55c79e721cbee48856a30893,2002-11-03,Pakistan,32.95826549,70.24108887,3,6,15,2008
14,55c79e721cbee48856a30894,2002-11-03,Pakistan,32.30222379,69.40544128,0,5,13,2008
15,55c79e721cbee48856a30895,2002-11-03,Pakistan,32.30802742,69.45762634,0,4,20,2008
16,55c79e721cbee48856a30896,2002-11-03,Pakistan,34.81549453,71.4969635,3,6,20,2008
17,55c79e721cbee48856a30897,2002-11-03,Pakistan,32.62780989,69.84283447,0,0,1,2008
18,55c79e721cbee48856a30898,2002-11-03,Pakistan,32.28655215,69.43222046,3,5,12,2008
19,55c79e721cbee48856a30899,2002-11-03,Pakistan,32.30280417,69.32510376,0,5,25,2008
20,55c79e721cbee48856a3089a,2002-11-03,Pakistan,32.29758063,69.60062027,0,0,12,2008
21,55c79e721cbee48856a3089b,2002-11-03,Pakistan,32.1723754,69.33147601,0,0,0,2008
22,55c79e721cbee48856a3089c,2002-11-03,Pakistan,32.3219546,69.52079773,0,0,5,2008
23,55c79e721cbee48856a3089d,2002-11-03,Pakistan,33.0020414,70.06084442,1,2,8,2008
24,55c79e721cbee48856a3089e,2002-11-03,Pakistan,32.98677989,70.26082993,0,0,10,2008
25,55c79e721cbee48856a3089f,2002-11-03,Pakistan,32.99714649,69.72644806,0,0,7,2008
26,55c79e721cbee48856a308a0,2002-11-03,Pakistan,33.03860068,69.53933716,4,7,12,2008
27,55c79e721cbee48856a308a1,2002-11-03,Pakistan,33.0020414,70.06084442,8,14,23,2008
28,55c79e721cbee48856a308a2,2002-11-03,Pakistan,33.00211338,70.0756073,0,0,15,2008
29,55c79e721cbee48856a308a3,2002-11-03,Pakistan,32.50339198,69.28459167,0,0,7,2008
30,55c79e721cbee48856a308a4,2002-11-03,Pakistan,32.96863543,70.35301208,0,8,8,2008
31,55c79e721cbee48856a308a5,2002-11-03,Pakistan,33.151242,70.434707,1,3,3,2008
32,55c79e721cbee48856a308a6,2002-11-03,Pakistan,33.151242,70.434707,3,14,21,2008
33,55c79e721cbee48856a308a7,2002-11-03,Pakistan,32.994267,70.1653862,4,9,9,2008
34,55c79e721cbee48856a308a8,2002-11-03,Pakistan,33.0020414,70.06084442,0,5,5,2008
35,55c79e721cbee48856a308a9,2002-11-03,Pakistan,32.54131432,69.85279083,0,4,9,2008
36,55c79e721cbee48856a308aa,2002-11-03,Pakistan,33.020179,70.07286072,0,7,11,2008
37,55c79e721cbee48856a308ab,2002-11-03,Pakistan,32.55100944,69.60783005,3,9,20,2008
38,55c79e721cbee48856a308ac,2002-11-03,Pakistan,32.97583606,70.26906967,0,20,25,2008
39,55c79e721cbee48856a308ad,2002-11-03,Pakistan,32.31760259,69.50054169,0,0,12,2008
40,55c79e721cbee48856a308ae,2002-11-03,Pakistan,32.74396995,70.06736755,0,6,16,2008
41,55c79e721cbee48856a308af,2002-11-03,Pakistan,32.7028111,69.86875534,1,11,13,2008
42,55c79e721cbee48856a308b0,2002-11-03,Pakistan,32.80285902,70.48690796,0,0,6,2008
43,55c79e721cbee48856a308b1,2002-11-03,Pakistan,32.98015615,70.06530762,0,0,6,2008
44,55c79e721cbee48856a308b2,2002-11-03,Pakistan,32.30512565,69.57624435,0,0,5,2008
45,55c79e721cbee48856a308b3,2002-11-03,Pakistan,32.98649192,70.04608154,0,3,3,2008
46,55c79e721cbee48856a308b4,2002-11-03,Pakistan,32.59125977,70.15396057,0,0,4,2008
47,55c79e721cbee48856a308b5,2002-11-03,Pakistan,32.30222379,69.40544128,0,7,7,2008
48,55c79e721cbee48856a308b6,2002-11-03,Pakistan,32.97958015,70.08590698,0,2,3,2008
49,55c79e721cbee48856a308b7,2002-11-03,Pakistan,32.31760259,69.50054169,0,0,3,2008
50,55c79e721cbee48856a308b8,2002-11-03,Pakistan,32.29337255,69.49728012,0,0,4,2008
51,55c79e721cbee48856a308b9,2002-11-03,Pakistan,32.31760259,69.50054169,0,0,5,2009
52,55c79e721cbee48856a308ba,2002-11-03,Pakistan,32.53986719,69.88197327,0,0,4,2009
53,55c79e721cbee48856a308bb,2002-11-03,Pakistan,32.95340416,70.26224613,1,11,15,2009
54,55c79e721cbee48856a308bc,2002-11-03,Pakistan,32.1723754,69.33147601,3,8,10,2009
55,55c79e721cbee48856a308bd,2002-11-03,Pakistan,32.51613104,69.86515045,1,9,35,2009
56,55c79e721cbee48856a308be,2002-11-03,Pakistan,33.68035403,70.29361725,0,0,31,2009
57,55c79e721cbee48856a308bf,2002-11-03,Pakistan,32.48891359,70.00282288,0,0,12,2009
58,55c79e721cbee48856a308c0,2002-11-03,Pakistan,33.80197352,70.28022766,0,0,25,2009
59,55c79e721cbee48856a308c1,2002-11-03,Pakistan,32.80285902,70.48690796,0,0,5,2009
60,55c79e721cbee48856a308c2,2002-11-03,Pakistan,32.62780989,69.84283447,0,0,8,2009
61,55c79e721cbee48856a308c3,2002-11-03,Pakistan,32.96661914,70.31747818,0,5,5,2009
62,55c79e721cbee48856a308c4,2002-11-03,Pakistan,33.66992557,70.91108322,3,9,14,2009
63,55c79e721cbee48856a308c5,2002-11-03,Pakistan,33.151242,70.434707,4,13,13,2009
64,55c79e721cbee48856a308c6,2002-11-03,Pakistan,32.1723754,69.33147601,0,0,4,2009
65,55c79e721cbee48856a308c7,2002-11-03,Pakistan,32.1723754,69.33147601,2,8,8,2009
66,55c79e721cbee48856a308c8,2002-11-03,Pakistan,32.51699955,69.78326797,0,4,10,2009
67,55c79e721cbee48856a308c9,2002-11-03,Pakistan,32.47776364,70.01981735,0,0,25,2009
68,55c79e721cbee48856a308ca,2002-11-03,Pakistan,32.29787083,69.34604645,0,0,9,2009
69,55c79e721cbee48856a308cb,2002-11-03,Pakistan,33.00348103,70.2725029,0,9,40,2009
70,55c79e721cbee48856a308cc,2002-11-03,Pakistan,32.51569678,69.88162994,0,0,5,2009
71,55c79e721cbee48856a308cd,2002-11-03,Pakistan,32.30512565,69.57624435,0,4,14,2009
72,55c79e721cbee48856a308ce,2002-11-03,Pakistan,32.3273218,69.56783295,0,0,0,2009
73,55c79e721cbee48856a308cf,2002-11-03,Pakistan,32.62780989,69.84283447,0,0,6,2009
74,55c79e721cbee48856a308d0,2002-11-03,Pakistan,33.0020414,70.06084442,10,45,83,2009
75,55c79e721cbee48856a308d1,2002-11-03,Pakistan,32.5922382,69.61521149,0,5,5,2009
76,55c79e721cbee48856a308d2,2002-11-03,Pakistan,32.28742287,69.99217987,0,0,17,2009
77,55c79e721cbee48856a308d3,2002-11-03,Pakistan,32.62780989,69.84283447,0,0,18,2009
78,55c79e721cbee48856a308d4,2002-11-03,Pakistan,32.52568415,69.85038757,0,0,10,2009
79,55c79e721cbee48856a308d5,2002-11-03,Pakistan,32.52568415,69.85038757,0,0,40,2009
80,55c79e721cbee48856a308d6,2002-11-03,Pakistan,32.31586172,69.62104797,0,0,5,2009
81,55c79e721cbee48856a308d7,2002-11-03,Pakistan,32.31586172,69.62104797,0,0,5,2009
82,55c79e721cbee48856a308d8,2002-11-03,Pakistan,32.70035541,70.06084442,0,0,6,2009
83,55c79e721cbee48856a308d9,2002-11-03,Pakistan,32.52568415,69.85038757,0,4,12,2009
84,55c79e721cbee48856a308da,2002-11-03,Pakistan,32.52568415,69.85038757,4,6,25,2009
85,55c79e721cbee48856a308db,2002-11-03,Pakistan,33.020179,70.07286072,6,21,21,2009
86,55c79e721cbee48856a308dc,2002-11-03,Pakistan,32.54131432,69.85279083,0,0,10,2009
87,55c79e721cbee48856a308dd,2002-11-03,Pakistan,32.99628265,70.30838013,0,3,8,2009
88,55c79e721cbee48856a308de,2002-11-03,Pakistan,33.04694673,70.02033234,3,5,15,2009
89,55c79e721cbee48856a308df,2002-11-03,Pakistan,32.98677989,70.26082993,0,0,5,2009
90,55c79e721cbee48856a308e0,2002-11-03,Pakistan,32.95826549,70.24108887,0,0,12,2009
91,55c79e721cbee48856a308e1,2002-11-03,Pakistan,32.48891359,70.00282288,0,0,6,2009
92,55c79e721cbee48856a308e2,2002-11-03,Pakistan,33.020179,70.07286072,0,0,9,2009
93,55c79e721cbee48856a308e3,2002-11-03,Pakistan,32.98879572,70.32606125,0,0,9,2009
94,55c79e721cbee48856a308e4,2002-11-03,Pakistan,33.020179,70.07286072,0,0,4,2009
95,55c79e721cbee48856a308e5,2002-11-03,Pakistan,32.86863007,70.14118195,0,0,3,2009
96,55c79e721cbee48856a308e6,2002-11-03,Pakistan,34.81549453,71.4969635,0,0,27,2009
97,55c79e721cbee48856a308e7,2002-11-03,Pakistan,32.98879572,70.32606125,0,0,6,2009
98,55c79e721cbee48856a308e8,2002-11-03,Pakistan,33.01125461,69.83167648,0,0,6,2009
99,55c79e721cbee48856a308e9,2002-11-03,Pakistan,32.99628265,70.30838013,1,3,10,2009
100,55c79e721cbee48856a308ea,2002-11-03,Pakistan,32.86863007,70.14118195,0,0,4,2009
101,55c79e721cbee48856a308eb,2002-11-03,Pakistan,32.52568415,69.85038757,0,0,6,2009
102,55c79e721cbee48856a308ec,2002-11-03,Pakistan,33.151242,70.434707,0,0,2,2009
103,55c79e721cbee48856a308ed,2002-11-03,Pakistan,33.00146554,69.52835083,0,6,16,2009
104,55c79e721cbee48856a308ee,2002-11-03,Pakistan,32.98217213,69.73880768,0,5,8,2009
105,55c79e721cbee48856a308ef,2002-11-03,Pakistan,33.09499311,70.05912781,0,6,20,2009
106,55c79e721cbee48856a308f0,2002-11-03,Pakistan,32.99628265,70.30838013,1,3,7,2009
107,55c79e721cbee48856a308f1,2002-11-03,Pakistan,32.9929712,70.21207809,0,0,3,2010
108,55c79e721cbee48856a308f2,2002-11-03,Pakistan,32.99988191,70.34082413,1,2,5,2010
109,55c79e721cbee48856a308f3,2002-11-03,Pakistan,32.98749984,69.75631714,0,6,7,2010
110,55c79e721cbee48856a308f4,2002-11-03,Pakistan,32.98749984,69.75631714,0,5,9,2010
111,55c79e721cbee48856a308f5,2002-11-03,Pakistan,33.00175347,70.01415253,1,5,5,2010
112,55c79e721cbee48856a308f6,2002-11-03,Pakistan,32.99455495,69.7338295,0,0,5,2010
113,55c79e721cbee48856a308f7,2002-11-03,Pakistan,32.66539062,70.16143799,0,0,18,2010
114,55c79e721cbee48856a308f8,2002-11-03,Pakistan,32.93550496,70.29584885,0,0,5,2010
115,55c79e721cbee48856a308f9,2002-11-03,Pakistan,32.66539062,70.16143799,0,0,10,2010
116,55c79e721cbee48856a308fa,2002-11-03,Pakistan,32.66539062,70.16143799,0,0,20,2010
117,55c79e721cbee48856a308fb,2002-11-03,Pakistan,32.96863543,69.70207214,0,0,6,2010
118,55c79e721cbee48856a308fc,2002-11-03,Pakistan,32.99714649,69.72644806,0,0,15,2010
119,55c79e721cbee48856a308fd,2002-11-03,Pakistan,32.96863543,69.70207214,0,0,23,2010
120,55c79e721cbee48856a308fe,2002-11-03,Pakistan,32.99714649,69.72644806,0,0,0,2010
121,55c79e721cbee48856a308ff,2002-11-03,Pakistan,32.97756412,69.64164734,0,5,9,2010
122,55c79e721cbee48856a30900,2002-11-03,Pakistan,32.97410796,69.7262764,0,0,0,2010
123,55c79e721cbee48856a30901,2002-11-03,Pakistan,32.95826549,70.24108887,0,0,7,2010
124,55c79e721cbee48856a30902,2002-11-03,Pakistan,33.00175347,70.01415253,0,0,5,2010
125,55c79e721cbee48856a30903,2002-11-03,Pakistan,32.99973794,70.1902771,0,0,4,2010
126,55c79e721cbee48856a30904,2002-11-03,Pakistan,33.020179,70.07286072,0,0,5,2010
127,55c79e721cbee48856a30905,2002-11-03,Pakistan,33.04694673,70.02033234,1,6,13,2010
128,55c79e721cbee48856a30906,2002-11-03,Pakistan,33.0020414,70.06084442,0,0,9,2010
129,55c79e721cbee48856a30907,2002-11-03,Pakistan,32.99369109,69.61641312,0,0,8,2010
130,55c79e721cbee48856a30908,2002-11-03,Pakistan,32.99369109,69.61641312,0,4,7,2010
131,55c79e721cbee48856a30909,2002-11-03,Pakistan,33.151242,70.434707,0,3,11,2010
132,55c79e721cbee48856a3090a,2002-11-03,Pakistan,33.00664813,69.94308472,0,0,5,2010
133,55c79e721cbee48856a3090b,2002-11-03,Pakistan,32.99369109,69.61641312,0,0,5,2010
134,55c79e721cbee48856a3090c,2002-11-03,Pakistan,32.99527483,69.6818161,0,0,8,2010
135,55c79e721cbee48856a3090d,2002-11-03,Pakistan,32.98073215,70.05329132,0,0,6,2010
136,55c79e721cbee48856a3090e,2002-11-03,Pakistan,32.9684554,70.25271893,0,4,4,2010
137,55c79e721cbee48856a3090f,2002-11-03,Pakistan,33.00175347,70.01415253,1,6,6,2010
138,55c79e721cbee48856a30910,2002-11-03,Pakistan,33.02133047,69.82566833,0,13,13,2010
139,55c79e721cbee48856a30911,2002-11-03,Pakistan,33.00146554,69.52835083,0,0,4,2010
140,55c79e721cbee48856a30912,2002-11-03,Pakistan,32.98677989,70.26082993,0,0,4,2010
141,55c79e721cbee48856a30913,2002-11-03,Pakistan,32.99628265,70.30838013,0,0,9,2010
142,55c79e721cbee48856a30914,2002-11-03,Pakistan,32.96863543,70.35301208,0,0,8,2010
143,55c79e721cbee48856a30915,2002-11-03,Pakistan,32.99628265,70.30838013,0,2,6,2010
144,55c79e721cbee48856a30916,2002-11-03,Pakistan,33.151242,70.434707,0,4,10,2010
145,55c79e721cbee48856a30917,2002-11-03,Pakistan,33.151242,70.434707,0,3,14,2010
146,55c79e721cbee48856a30918,2002-11-03,Pakistan,33.03860068,69.53933716,0,5,15,2010
147,55c79e721cbee48856a30919,2002-11-03,Pakistan,33.876401,70.84911346,0,2,15,2010
148,55c79e721cbee48856a3091a,2002-11-03,Pakistan,33.02133047,69.82566833,4,6,12,2010
149,55c79e721cbee48856a3091b,2002-11-03,Pakistan,32.28959963,69.29111481,0,0,12,2010
150,55c79e721cbee48856a3091c,2002-11-03,Pakistan,32.98879572,70.32606125,0,4,7,2010
151,55c79e721cbee48856a3091d,2002-11-03,Pakistan,32.99628265,69.65615273,0,0,15,2010
152,55c79e721cbee48856a3091e,2002-11-03,Pakistan,32.9700756,70.31078339,0,0,17,2010
153,55c79e721cbee48856a3091f,2002-11-03,Pakistan,32.96863543,70.35301208,0,0,4,2010
154,55c79e721cbee48856a30920,2002-11-03,Pakistan,32.99973794,70.1902771,0,0,6,2010
155,55c79e721cbee48856a30921,2002-11-03,Pakistan,32.31760259,69.50054169,0,0,10,2010
156,55c79e721cbee48856a30922,2002-11-03,Pakistan,32.994267,69.77253914,0,7,14,2010
157,55c79e721cbee48856a30923,2002-11-03,Pakistan,32.44923085,69.27858353,0,0,18,2010
158,55c79e721cbee48856a30924,2002-11-03,Pakistan,32.66539062,70.16143799,0,0,14,2010
159,55c79e721cbee48856a30925,2002-11-03,Pakistan,32.99973794,70.1902771,0,0,7,2010
160,55c79e721cbee48856a30926,2002-11-03,Pakistan,32.48891359,70.00282288,0,0,4,2010
161,55c79e721cbee48856a30927,2002-11-03,Pakistan,32.98922767,70.29808044,0,7,14,2010
162,55c79e721cbee48856a30928,2002-11-03,Pakistan,32.98418805,70.07663727,0,4,6,2010
163,55c79e721cbee48856a30929,2002-11-03,Pakistan,33.020179,70.07286072,3,10,20,2010
164,55c79e721cbee48856a3092a,2002-11-03,Pakistan,33.04694673,70.02033234,0,5,7,2010
165,55c79e721cbee48856a3092b,2002-11-03,Pakistan,33.68092542,70.41687012,0,0,9,2010
166,55c79e721cbee48856a3092c,2002-11-03,Pakistan,33.47526759,70.38837433,0,0,0,2010
167,55c79e721cbee48856a3092d,2002-11-03,Pakistan,33.68778176,70.54870605,0,0,3,2010
168,55c79e721cbee48856a3092e,2002-11-03,Pakistan,33.0020414,70.06084442,0,0,9,2010
169,55c79e721cbee48856a3092f,2002-11-03,Pakistan,33.151242,70.434707,0,0,4,2010
170,55c79e721cbee48856a30930,2002-11-03,Pakistan,33.151242,70.434707,0,0,8,2010
171,55c79e721cbee48856a30931,2002-11-03,Pakistan,32.97266785,69.71237183,0,0,6,2010
172,55c79e721cbee48856a30932,2002-11-03,Pakistan,33.020179,70.07286072,4,4,10,2010
173,55c79e721cbee48856a30933,2002-11-03,Pakistan,33.00146554,69.52835083,0,4,4,2010
174,55c79e721cbee48856a30934,2002-11-03,Pakistan,33.020179,70.07286072,0,0,10,2010
175,55c79e721cbee48856a30935,2002-11-03,Pakistan,33.0020414,70.06084442,0,0,6,2010
176,55c79e721cbee48856a30936,2002-11-03,Pakistan,32.98706787,69.68730927,0,0,7,2010
177,55c79e721cbee48856a30937,2002-11-03,Pakistan,33.01845177,69.65503693,0,0,12,2010
178,55c79e721cbee48856a30938,2002-11-03,Pakistan,32.98418805,70.07663727,0,0,4,2010
179,55c79e721cbee48856a30939,2002-11-03,Pakistan,33.04694673,70.02033234,0,5,15,2010
180,55c79e721cbee48856a3093a,2002-11-03,Pakistan,32.97756412,69.64164734,0,0,7,2010
181,55c79e721cbee48856a3093b,2002-11-03,Pakistan,32.96863543,69.70207214,0,5,9,2010
182,55c79e721cbee48856a3093c,2002-11-03,Pakistan,33.06651369,69.70104218,0,3,6,2010
183,55c79e721cbee48856a3093d,2002-11-03,Pakistan,32.46429497,69.29729462,0,0,8,2010
184,55c79e721cbee48856a3093e,2002-11-03,Pakistan,32.30222379,69.40544128,0,0,16,2010
185,55c79e721cbee48856a3093f,2002-11-03,Pakistan,32.30222379,69.40544128,0,0,8,2010
186,55c79e721cbee48856a30940,2002-11-03,Pakistan,33.151242,70.434707,0,0,4,2010
187,55c79e721cbee48856a30941,2002-11-03,Pakistan,33.144896,70.030518,0,0,4,2010
188,55c79e721cbee48856a30942,2002-11-03,Pakistan,33.0020414,70.06084442,0,5,5,2010
189,55c79e721cbee48856a30943,2002-11-03,Pakistan,32.994267,69.77253914,0,3,3,2010
190,55c79e721cbee48856a30944,2002-11-03,Pakistan,32.96863543,70.35301208,0,0,4,2010
191,55c79e721cbee48856a30945,2002-11-03,Pakistan,32.4784877,69.27841187,0,0,4,2010
192,55c79e721cbee48856a30946,2002-11-03,Pakistan,32.99138742,69.63993073,0,0,10,2010
193,55c79e721cbee48856a30947,2002-11-03,Pakistan,32.98764382,69.62619781,0,0,14,2010
194,55c79e721cbee48856a30948,2002-11-03,Pakistan,32.95826549,70.24108887,0,3,9,2010
195,55c79e721cbee48856a30949,2002-11-03,Pakistan,33.0020414,70.06084442,0,0,6,2010
196,55c79e721cbee48856a3094a,2002-11-03,Pakistan,32.9684554,70.25271893,0,0,5,2010
197,55c79e721cbee48856a3094b,2002-11-03,Pakistan,32.974684,70.26323318,0,0,4,2010
198,55c79e721cbee48856a3094c,2002-11-03,Pakistan,32.99714649,69.72644806,0,0,6,2010
199,55c79e721cbee48856a3094d,2002-11-03,Pakistan,33.01326988,69.85313416,0,4,8,2010
200,55c79e721cbee48856a3094e,2002-11-03,Pakistan,32.99052353,70.30460358,0,9,9,2010
201,55c79e721cbee48856a3094f,2002-11-03,Pakistan,33.151242,70.434707,0,3,14,2010
202,55c79e721cbee48856a30950,2002-11-03,Pakistan,32.97065166,70.29275894,0,0,6,2010
203,55c79e721cbee48856a30951,2002-11-03,Pakistan,32.99628265,70.30838013,0,5,5,2010
204,55c79e721cbee48856a30952,2002-11-03,Pakistan,33.151242,70.434707,1,1,7,2010
205,55c79e721cbee48856a30953,2002-11-03,Pakistan,32.95826549,70.24108887,0,0,5,2010
206,55c79e721cbee48856a30954,2002-11-03,Pakistan,32.96863543,69.70207214,0,0,4,2010
207,55c79e721cbee48856a30955,2002-11-03,Pakistan,32.99455495,69.7338295,0,0,8,2010
208,55c79e721cbee48856a30956,2002-11-03,Pakistan,32.9700756,70.31078339,0,0,6,2010
209,55c79e721cbee48856a30957,2002-11-03,Pakistan,32.98418805,70.07663727,0,0,5,2010
210,55c79e721cbee48856a30958,2002-11-03,Pakistan,32.96201033,70.33344269,0,0,5,2010
211,55c79e721cbee48856a30959,2002-11-03,Pakistan,32.97756412,69.64164734,0,0,5,2010
212,55c79e721cbee48856a3095a,2002-11-03,Pakistan,33.05615526,70.0786972,0,0,9,2010
213,55c79e721cbee48856a3095b,2002-11-03,Pakistan,33.151242,70.434707,0,5,6,2010
214,55c79e721cbee48856a3095c,2002-11-03,Pakistan,33.05615526,70.0786972,0,0,8,2010
215,55c79e721cbee48856a3095d,2002-11-03,Pakistan,33.0020414,70.06084442,0,4,4,2010
216,55c79e721cbee48856a3095e,2002-11-03,Pakistan,33.05615526,70.0786972,0,9,20,2010
217,55c79e721cbee48856a3095f,2002-11-03,Pakistan,32.98879572,70.32606125,0,0,4,2010
218,55c79e721cbee48856a30960,2002-11-03,Pakistan,32.97857214,70.28657913,0,3,9,2010
219,55c79e721cbee48856a30961,2002-11-03,Pakistan,33.00348103,70.2725029,0,0,6,2010
220,55c79e721cbee48856a30962,2002-11-03,Pakistan,32.99210732,70.19491196,0,3,4,2010
221,55c79e721cbee48856a30963,2002-11-03,Pakistan,32.98462003,70.37618637,0,0,4,2010
222,55c79e721cbee48856a30964,2002-11-03,Pakistan,32.96863543,70.35301208,0,2,5,2010
223,55c79e721cbee48856a30965,2002-11-03,Pakistan,32.98677989,70.26082993,0,0,2,2010
224,55c79e721cbee48856a30966,2002-11-03,Pakistan,32.97093969,70.40039063,0,0,4,2010
225,55c79e721cbee48856a30967,2002-11-03,Pakistan,32.86863007,70.14118195,0,4,4,2010
226,55c79e721cbee48856a30968,2002-11-03,Pakistan,33.00175347,70.01415253,0,0,7,2010
227,55c79e721cbee48856a30969,2002-11-03,Pakistan,33.75117696,70.75332642,0,0,7,2010
228,55c79e721cbee48856a3096a,2002-11-03,Pakistan,33.7845691,70.81134796,0,0,15,2010
229,55c79e721cbee48856a3096b,2002-11-03,Pakistan,33.79312909,70.76568604,0,2,32,2010
230,55c79e721cbee48856a3096c,2002-11-03,Pakistan,32.95653704,70.37910461,0,0,22,2010
231,55c79e721cbee48856a3096d,2002-11-03,Pakistan,32.99628265,70.30838013,0,4,4,2010
232,55c79e721cbee48856a3096e,2002-11-03,Pakistan,33.05615526,70.0786972,0,0,6,2010
233,55c79e721cbee48856a3096f,2002-11-03,Pakistan,33.05615526,70.0786972,0,2,12,2010
234,55c79e721cbee48856a30970,2002-11-03,Pakistan,33.05615526,70.0786972,0,0,10,2010
235,55c79e721cbee48856a30971,2002-11-03,Pakistan,33.05615526,70.0786972,0,0,8,2010
236,55c79e721cbee48856a30972,2002-11-03,Pakistan,33.0285268,70.23971558,0,0,9,2011
237,55c79e721cbee48856a30973,2002-11-03,Pakistan,33.0285268,70.23971558,0,0,6,2011
238,55c79e721cbee48856a30974,2002-11-03,Pakistan,33.151242,70.434707,0,0,5,2011
239,55c79e721cbee48856a30975,2002-11-03,Pakistan,33.02133047,69.82566833,0,0,4,2011
240,55c79e721cbee48856a30976,2002-11-03,Pakistan,32.99671457,69.75099564,0,6,6,2011
241,55c79e721cbee48856a30977,2002-11-03,Pakistan,32.9700756,70.31078339,0,0,5,2011
242,55c79e721cbee48856a30978,2002-11-03,Pakistan,32.99945001,69.60422516,0,0,7,2011
243,55c79e721cbee48856a30979,2002-11-03,Pakistan,32.99513086,69.62928772,0,0,5,2011
244,55c79e721cbee48856a3097a,2002-11-03,Pakistan,32.99513086,69.62928772,0,0,3,2011
245,55c79e721cbee48856a3097b,2002-11-03,Pakistan,32.68850937,69.84815598,0,0,6,2011
246,55c79e721cbee48856a3097c,2002-11-03,Pakistan,32.30222379,69.40544128,0,0,7,2011
247,55c79e721cbee48856a3097d,2002-11-03,Pakistan,32.99714649,70.31164169,0,11,11,2011
248,55c79e721cbee48856a3097e,2002-11-03,Pakistan,32.99714649,69.72644806,0,0,7,2011
249,55c79e721cbee48856a3097f,2002-11-03,Pakistan,32.31252497,69.44955826,0,5,5,2011
250,55c79e721cbee48856a30980,2002-11-03,Pakistan,33.151242,70.434707,0,0,5,2011
251,55c79e721cbee48856a30981,2002-11-03,Pakistan,33.00348103,70.2725029,0,5,12,2011
252,55c79e721cbee48856a30982,2002-11-03,Pakistan,33.00348103,70.2725029,0,5,5,2011
253,55c79e721cbee48856a30983,2002-11-03,Pakistan,33.08751456,70.27233124,0,0,4,2011
254,55c79e721cbee48856a30984,2002-11-03,Pakistan,32.30222379,69.40544128,0,0,4,2011
255,55c79e721cbee48856a30985,2002-11-03,Pakistan,32.86863007,70.14118195,0,0,7,2011
256,55c79e721cbee48856a30986,2002-11-03,Pakistan,32.99714649,70.31164169,0,0,6,2011
257,55c79e721cbee48856a30987,2002-11-03,Pakistan,33.151242,70.434707,0,0,5,2011
258,55c79e721cbee48856a30988,2002-11-03,Pakistan,33.151242,70.434707,1,42,42,2011
259,55c79e721cbee48856a30989,2002-11-03,Pakistan,32.48659683,69.28321838,0,0,7,2011
260,55c79e721cbee48856a3098a,2002-11-03,Pakistan,32.9866359,70.31232834,3,9,26,2011
261,55c79e721cbee48856a3098b,2002-11-03,Yemen,14.653544,47.009442,0,0,2,2011
262,55c79e721cbee48856a3098c,2002-11-03,Pakistan,33.01175843,69.76086617,0,6,18,2011
263,55c79e721cbee48856a3098d,2002-11-03,Pakistan,32.48659683,69.28321838,0,0,5,2011
264,55c79e721cbee48856a3098e,2002-11-03,Pakistan,33.151242,70.434707,0,0,8,2011
265,55c79e721cbee48856a3098f,2002-11-03,Pakistan,32.99513086,69.62928772,0,0,5,2011
266,55c79e721cbee48856a30990,2002-11-03,Pakistan,32.98699588,70.35129547,0,0,10,2011
267,55c79e721cbee48856a30991,2002-11-03,Pakistan,32.99347512,70.34794807,0,0,6,2011
268,55c79e721cbee48856a30992,2002-11-03,Pakistan,33.00175347,70.01415253,0,0,6,2011
269,55c79e721cbee48856a30993,2002-11-03,Pakistan,32.95826549,70.24108887,0,0,7,2011
270,55c79e721cbee48856a30994,2002-11-03,Yemen,13.12833,45.38028,0,4,7,2011
271,55c79e721cbee48856a30995,2002-11-03,Pakistan,32.16631296,69.58800316,0,0,12,2011
272,55c79e721cbee48856a30996,2002-11-03,Pakistan,32.33167334,69.51152802,0,0,9,2011
273,55c79e721cbee48856a30997,2002-11-03,Pakistan,32.33994071,69.49659348,0,7,10,2011
274,55c79e721cbee48856a30998,2002-11-03,Pakistan,32.82478811,69.59014893,0,0,5,2011
275,55c79e721cbee48856a30999,2002-11-03,Pakistan,32.30563347,69.56388474,0,0,23,2011
276,55c79e721cbee48856a3099a,2002-11-03,Pakistan,33.01873964,69.65881348,0,0,4,2011
277,55c79e721cbee48856a3099b,2002-11-03,Yemen,13.129616,45.381295,0,0,1,2011
278,55c79e721cbee48856a3099c,2002-11-03,Yemen,13.612304,46.106282,1,3,3,2011
279,55c79e721cbee48856a3099d,2002-11-03,Pakistan,32.30512565,69.57624435,0,0,10,2011
280,55c79e721cbee48856a3099e,2002-11-03,Pakistan,32.32297004,69.55530167,0,0,0,2011
281,55c79e721cbee48856a3099f,2002-11-03,Pakistan,32.95826549,70.24108887,0,6,6,2011
282,55c79e721cbee48856a309a0,2002-11-03,Yemen,13.218055,45.307832,0,0,0,2011
283,55c79e721cbee48856a309a1,2002-11-03,Pakistan,33.52193394,70.27610779,0,7,7,2011
284,55c79e721cbee48856a309a2,2002-11-03,Pakistan,33.52078905,70.25928497,0,0,5,2011
285,55c79e721cbee48856a309a3,2002-11-03,Somalia,-0.354098,42.545328,0,0,2,2011
286,55c79e721cbee48856a309a4,2002-11-03,Pakistan,33.01873964,69.65881348,0,0,12,2011
287,55c79e721cbee48856a309a5,2002-11-03,Pakistan,32.54710258,69.60456848,0,20,21,2011
288,55c79e721cbee48856a309a6,2002-11-03,Pakistan,32.95826549,70.24108887,0,0,6,2011
289,55c79e721cbee48856a309a7,2002-11-03,Pakistan,33.03860068,69.53933716,0,5,12,2011
290,55c79e721cbee48856a309a8,2002-11-03,Pakistan,33.03860068,69.53933716,0,0,25,2011
291,55c79e721cbee48856a309a9,2002-11-03,Pakistan,32.83286589,69.66018677,0,0,13,2011
292,55c79e721cbee48856a309aa,2002-11-03,Pakistan,33.151242,70.434707,0,4,15,2011
293,55c79e721cbee48856a309ab,2002-11-03,Pakistan,33.151242,70.434707,0,1,9,2011
294,55c79e721cbee48856a309ac,2002-11-03,Yemen,13.612304,46.106282,0,30,50,2011
295,55c79e721cbee48856a309ad,2002-11-03,Yemen,13.612304,46.106282,0,0,0,2011
296,55c79e721cbee48856a309ae,2002-11-03,Pakistan,32.95826549,70.24108887,0,0,4,2011
297,55c79e721cbee48856a309af,2002-11-03,Yemen,13.129616,45.381295,0,0,5,2011
298,55c79e721cbee48856a309b0,2002-11-03,Yemen,13.612304,46.106282,0,0,16,2011
299,55c79e721cbee48856a309b1,2002-11-03,Pakistan,32.30222379,69.40544128,0,6,6,2011
300,55c79e721cbee48856a309b2,2002-11-03,Pakistan,32.98418805,70.07663727,0,0,4,2011
301,55c79e721cbee48856a309b3,2002-11-03,Pakistan,33.0020414,70.06084442,0,0,25,2011
302,55c79e721cbee48856a309b4,2002-11-03,Pakistan,33.0020414,70.06084442,1,4,7,2011
303,55c79e721cbee48856a309b5,2002-11-03,Pakistan,32.29337255,69.49728012,0,0,4,2011
304,55c79e721cbee48856a309b6,2002-11-03,Pakistan,32.98879572,70.32606125,0,4,7,2011
305,55c79e721cbee48856a309b7,2002-11-03,Pakistan,32.98879572,70.32606125,2,3,6,2011
306,55c79e721cbee48856a309b8,2002-11-03,Yemen,13.612304,46.106282,0,0,6,2011
307,55c79e721cbee48856a309b9,2002-11-03,Pakistan,32.98879572,70.32606125,0,0,7,2011
308,55c79e721cbee48856a309ba,2002-11-03,Yemen,13.612304,46.106282,0,0,10,2011
309,55c79e721cbee48856a309bb,2002-11-03,Pakistan,32.953944,70.262883,0,0,5,2011
310,55c79e721cbee48856a309bc,2002-11-03,Yemen,14.037484,46.768075,0,0,4,2011
311,55c79e721cbee48856a309bd,2002-11-03,Yemen,13.358082,45.698439,0,0,7,2011
312,55c79e721cbee48856a309be,2002-11-03,Pakistan,32.96863543,70.35301208,0,0,8,2011
313,55c79e721cbee48856a309bf,2002-11-03,Somalia,-0.354098,42.545328,0,0,0,2011
314,55c79e721cbee48856a309c0,2002-11-03,Pakistan,32.30222379,69.40544128,0,0,4,2011
315,55c79e721cbee48856a309c1,2002-11-03,Pakistan,32.30280417,69.32510376,0,0,4,2011
316,55c79e721cbee48856a309c2,2002-11-03,Yemen,16.565146,45.538211,0,0,4,2011
317,55c79e721cbee48856a309c3,2002-11-03,Somalia,-0.117925,42.326611,0,4,4,2011
318,55c79e721cbee48856a309c4,2002-11-03,Pakistan,33.020179,70.07286072,0,0,6,2011
319,55c79e721cbee48856a309c5,2002-11-03,Pakistan,32.4784877,69.27841187,0,0,6,2011
320,55c79e721cbee48856a309c6,2002-11-03,Yemen,14.33936309,47.44163168,0,0,0,2011
321,55c79e721cbee48856a309c7,2002-11-03,Pakistan,33.020179,70.07286072,0,0,6,2011
322,55c79e721cbee48856a309c8,2002-11-03,Yemen,14.323499,47.453653,2,2,9,2011
323,55c79e721cbee48856a309c9,2002-11-03,Yemen,13.612304,46.106282,0,0,17,2011
324,55c79e721cbee48856a309ca,2002-11-03,Yemen,14.33936309,47.44163168,1,2,2,2011
325,55c79e721cbee48856a309cb,2002-11-03,Pakistan,32.48659683,69.28321838,0,0,6,2011
326,55c79e721cbee48856a309cc,2002-11-03,Pakistan,32.327033,69.596401,0,0,7,2011
327,55c79e721cbee48856a309cd,2002-11-03,Somalia,-0.354098,42.545328,0,11,11,2011
328,55c79e721cbee48856a309ce,2002-11-03,Pakistan,32.664167,70.218333,0,0,22,2011
329,55c79e721cbee48856a309cf,2002-11-03,Pakistan,32.30222379,69.40544128,0,0,6,2011
330,55c79e721cbee48856a309d0,2002-11-03,Pakistan,32.953944,70.262883,0,0,6,2011
331,55c79e721cbee48856a309d1,2002-11-03,Pakistan,33.151242,70.434707,0,4,6,2011
332,55c79e721cbee48856a309d2,2002-11-03,Pakistan,32.98879572,70.32606125,0,2,4,2011
333,55c79e721cbee48856a309d3,2002-11-03,Pakistan,33.020179,70.07286072,0,0,3,2011
334,55c79e721cbee48856a309d4,2002-11-03,Yemen,13.612304,46.106282,0,0,0,2011
335,55c79e721cbee48856a309d5,2002-11-03,Somalia,2.140976,45.118861,0,0,2,2011
336,55c79e721cbee48856a309d6,2002-11-03,Pakistan,33.0020414,70.06084442,0,0,7,2011
337,55c79e721cbee48856a309d7,2002-11-03,Pakistan,32.620038,69.976425,0,0,22,2011
338,55c79e721cbee48856a309d8,2002-11-03,Pakistan,33.01873964,69.65881348,0,0,9,2011
339,55c79e721cbee48856a309d9,2002-11-03,Yemen,13.129616,45.381295,0,0,1,2011
340,55c79e721cbee48856a309da,2002-11-03,Pakistan,33.0020414,70.06084442,0,0,4,2012
341,55c79e721cbee48856a309db,2002-11-03,Pakistan,33.151242,70.434707,0,0,9,2012
342,55c79e721cbee48856a309dc,2002-11-03,Somalia,2.084754,45.210714,0,0,1,2012
343,55c79e721cbee48856a309dd,2002-11-03,Pakistan,32.96863543,69.70207214,0,0,5,2012
344,55c79e721cbee48856a309de,2002-11-03,Yemen,13.880199,45.86811,0,0,14,2012
345,55c79e721cbee48856a309df,2002-11-03,Pakistan,33.0020414,70.06084442,0,0,10,2012
346,55c79e721cbee48856a309e0,2002-11-03,Pakistan,33.0020414,70.06084442,0,3,8,2012
347,55c79e721cbee48856a309e1,2002-11-03,Pakistan,33.0020414,70.06084442,0,0,6,2012
348,55c79e721cbee48856a309e2,2002-11-03,Pakistan,32.95826549,70.24108887,0,0,15,2012
349,55c79e721cbee48856a309e3,2002-11-03,Somalia,2.192222,42.874722,0,0,7,2012
350,55c79e721cbee48856a309e4,2002-11-03,Pakistan,32.321955,69.864395,0,0,15,2012
351,55c79e721cbee48856a309e5,2002-11-03,Pakistan,32.321955,69.864395,0,0,6,2012
352,55c79e721cbee48856a309e6,2002-11-03,Yemen,14.099622,45.432054,0,2,34,2012
353,55c79e721cbee48856a309e7,2002-11-03,Yemen,13.129616,45.381295,0,0,24,2012
354,55c79e721cbee48856a309e8,2002-11-03,Yemen,13.219465,45.310246,0,0,6,2012
355,55c79e721cbee48856a309e9,2002-11-03,Yemen,14.099622,45.432054,0,0,5,2012
356,55c79e721cbee48856a309ea,2002-11-03,Pakistan,32.82103747,69.97999191,0,0,8,2012
357,55c79e721cbee48856a309eb,2002-11-03,Pakistan,32.7026315,69.9816857,0,0,7,2012
358,55c79e721cbee48856a309ec,2002-11-03,Yemen,13.129616,45.381295,0,0,30,2012
359,55c79e721cbee48856a309ed,2002-11-03,Pakistan,33.0020414,70.06084442,0,0,4,2012
360,55c79e721cbee48856a309ee,2002-11-03,Yemen,14.33936309,47.44163168,0,1,5,2012
361,55c79e721cbee48856a309ef,2002-11-03,Yemen,13.612304,46.106282,0,0,38,2012
362,55c79e721cbee48856a309f0,2002-11-03,Yemen,14.653544,47.009442,0,0,8,2012
363,55c79e721cbee48856a309f1,2002-11-03,Yemen,13.085664,45.361154,0,0,16,2012
364,55c79e721cbee48856a309f2,2002-11-03,Yemen,14.653544,47.009442,0,0,8,2012
365,55c79e721cbee48856a309f3,2002-11-03,Yemen,13.880199,45.86811,0,0,14,2012
366,55c79e721cbee48856a309f4,2002-11-03,Yemen,14.099622,45.432054,0,0,7,2012
367,55c79e721cbee48856a309f5,2002-11-03,Yemen,14.33936309,47.44163168,0,0,7,2012
368,55c79e721cbee48856a309f6,2002-11-03,Yemen,13.880199,45.86811,0,0,17,2012
369,55c79e721cbee48856a309f7,2002-11-03,Yemen,15.460938,45.321382,0,0,4,2012
370,55c79e721cbee48856a309f8,2002-11-03,Yemen,14.653544,47.009442,0,0,3,2012
371,55c79e721cbee48856a309f9,2002-11-03,Yemen,13.612304,46.106282,0,0,3,2012
372,55c79e721cbee48856a309fa,2002-11-03,Pakistan,33.0020414,70.06084442,0,0,6,2012
373,55c79e721cbee48856a309fb,2002-11-03,Yemen,16.565146,45.538211,0,0,3,2012
374,55c79e721cbee48856a309fc,2002-11-03,Yemen,13.880199,45.86811,0,0,4,2012
375,55c79e721cbee48856a309fd,2002-11-03,Yemen,13.129616,45.381295,0,0,3,2012
376,55c79e721cbee48856a309fe,2002-11-03,Yemen,13.218055,45.307832,0,0,15,2012
377,55c79e721cbee48856a309ff,2002-11-03,Pakistan,33.01873964,69.65881348,0,10,10,2012
378,55c79e721cbee48856a30a00,2002-11-03,Yemen,14.653544,47.009442,0,1,4,2012
379,55c79e721cbee48856a30a01,2002-11-03,Yemen,13.218055,45.307832,0,0,12,2012
380,55c79e721cbee48856a30a02,2002-11-03,Yemen,13.358082,45.698439,0,0,4,2012
381,55c79e721cbee48856a30a03,2002-11-03,Yemen,15.460938,45.321382,0,0,7,2012
382,55c79e721cbee48856a30a04,2002-11-03,Yemen,14.653544,47.009442,0,0,10,2012
383,55c79e721cbee48856a30a05,2002-11-03,Yemen,12.97214906,44.95211601,0,0,10,2012
384,55c79e721cbee48856a30a06,2002-11-03,Yemen,13.218055,45.307832,0,26,42,2012
385,55c79e721cbee48856a30a07,2002-11-03,Yemen,16.539117,49.149095,0,0,3,2012
386,55c79e721cbee48856a30a08,2002-11-03,Yemen,14.099622,45.432054,0,0,2,2012
387,55c79e721cbee48856a30a09,2002-11-03,Pakistan,33.17721515,70.43678284,0,0,5,2012
388,55c79e721cbee48856a30a0a,2002-11-03,Pakistan,32.96201033,70.33344269,0,8,12,2012
389,55c79e721cbee48856a30a0b,2002-11-03,Pakistan,33.0020414,70.06084442,0,0,4,2012
390,55c79e721cbee48856a30a0c,2002-11-03,Yemen,14.099622,45.432054,0,2,5,2012
391,55c79e721cbee48856a30a0d,2002-11-03,Yemen,14.533333,49.133333,0,0,5,2012
392,55c79e721cbee48856a30a0e,2002-11-03,Pakistan,32.96201033,70.33344269,0,0,10,2012
393,55c79e721cbee48856a30a0f,2002-11-03,Pakistan,32.95826549,70.24108887,0,0,5,2012
394,55c79e721cbee48856a30a10,2002-11-03,Yemen,14.037192,46.768718,0,0,12,2012
395,55c79e721cbee48856a30a11,2002-11-03,Pakistan,32.309551,69.572983,0,2,4,2012
396,55c79e721cbee48856a30a12,2002-11-03,Pakistan,32.98879572,70.28743744,0,0,10,2012
397,55c79e721cbee48856a30a13,2002-11-03,Pakistan,32.98462003,70.37618637,0,0,18,2012
398,55c79e721cbee48856a30a14,2002-11-03,Yemen,14.33936309,47.44163168,0,0,18,2012
399,55c79e721cbee48856a30a15,2002-11-03,Yemen,14.33936309,47.44163168,0,0,9,2012
400,55c79e721cbee48856a30a16,2002-11-03,Pakistan,32.98764382,69.62619781,0,0,4,2012
401,55c79e721cbee48856a30a17,2002-11-03,Yemen,14.33936309,47.44163168,0,0,0,2012
402,55c79e721cbee48856a30a18,2002-11-03,Pakistan,33.0020414,70.06084442,0,0,4,2012
403,55c79e721cbee48856a30a19,2002-11-03,Yemen,13.358082,45.698439,6,7,7,2012
404,55c79e721cbee48856a30a1a,2002-11-03,Yemen,14.036984,46.769534,0,1,1,2012
405,55c79e721cbee48856a30a1b,2002-11-03,Yemen,12.96889753,44.94736314,0,0,3,2012
406,55c79e721cbee48856a30a1c,2002-11-03,Pakistan,33.01873964,69.65881348,0,0,6,2012
407,55c79e721cbee48856a30a1d,2002-11-03,Pakistan,32.82103747,69.97999191,0,0,8,2012
408,55c79e721cbee48856a30a1e,2002-11-03,Yemen,14.79368,45.719776,0,0,5,2012
409,55c79e721cbee48856a30a1f,2002-11-03,Yemen,14.037692,46.768976,0,0,13,2012
410,55c79e721cbee48856a30a20,2002-11-03,Pakistan,33.151242,70.434707,0,3,24,2012
411,55c79e721cbee48856a30a21,2002-11-03,Pakistan,32.82103747,69.97999191,0,0,14,2012
412,55c79e721cbee48856a30a22,2002-11-03,Pakistan,32.9387751,70.2482734,0,0,7,2012
413,55c79e721cbee48856a30a23,2002-11-03,Yemen,16.539117,49.149095,0,0,5,2012
414,55c79e721cbee48856a30a24,2002-11-03,Yemen,14.099622,45.432054,0,0,7,2012
415,55c79e721cbee48856a30a25,2002-11-03,Yemen,16.539117,49.149095,0,0,3,2012
416,55c79e721cbee48856a30a26,2002-11-03,Pakistan,32.98879572,70.28743744,0,5,12,2012
417,55c79e721cbee48856a30a27,2002-11-03,Pakistan,32.98879572,70.28743744,0,0,7,2012
418,55c79e721cbee48856a30a28,2002-11-03,Pakistan,32.98879572,70.28743744,0,0,3,2012
419,55c79e721cbee48856a30a29,2002-11-03,Pakistan,32.99052353,70.30460358,1,1,25,2012
420,55c79e721cbee48856a30a2a,2002-11-03,Pakistan,32.99628265,69.65615273,0,0,18,2012
421,55c79e721cbee48856a30a2b,2002-11-03,Pakistan,33.10937315,70.06702423,0,0,6,2012
422,55c79e721cbee48856a30a2c,2002-11-03,Pakistan,32.82103747,69.97999191,0,0,8,2012
423,55c79e721cbee48856a30a2d,2002-11-03,Yemen,16.539117,49.149095,0,0,3,2012
424,55c79e721cbee48856a30a2e,2002-11-03,Yemen,16.539117,49.149095,0,4,7,2012
425,55c79e721cbee48856a30a2f,2002-11-03,Yemen,16.539117,49.149095,0,0,8,2012
426,55c79e721cbee48856a30a30,2002-11-03,Pakistan,32.96863543,69.70207214,0,0,6,2012
427,55c79e721cbee48856a30a31,2002-11-03,Yemen,14.099622,45.432054,3,12,12,2012
428,55c79e721cbee48856a30a32,2002-11-03,Yemen,16.539117,49.149095,0,1,6,2012
429,55c79e721cbee48856a30a33,2002-11-03,Yemen,14.410844,44.840248,0,0,4,2012
430,55c79e721cbee48856a30a34,2002-11-03,Yemen,16.539117,49.149095,0,0,15,2012
431,55c79e721cbee48856a30a35,2002-11-03,Yemen,14.036693,46.76992,0,0,4,2012
432,55c79e721cbee48856a30a36,2002-11-03,Pakistan,32.99714649,69.72644806,0,0,4,2012
433,55c79e721cbee48856a30a37,2002-11-03,Pakistan,32.97857214,70.28657913,0,0,8,2012
434,55c79e721cbee48856a30a38,2002-11-03,Pakistan,32.97093969,70.40039063,0,0,4,2012
435,55c79e721cbee48856a30a39,2002-11-03,Yemen,14.653544,47.009442,0,0,6,2012
436,55c79e721cbee48856a30a3a,2002-11-03,Pakistan,32.9684554,70.25271893,0,0,6,2012
437,55c79e721cbee48856a30a3b,2002-11-03,Pakistan,33.02133047,69.82566833,0,0,26,2012
438,55c79e721cbee48856a30a3c,2002-11-03,Yemen,13.218055,45.307832,0,0,9,2012
439,55c79e721cbee48856a30a3d,2002-11-03,Yemen,15.460938,45.321382,0,0,4,2012
440,55c79e721cbee48856a30a3e,2002-11-03,Pakistan,33.0020414,70.06084442,0,1,5,2012
441,55c79e721cbee48856a30a3f,2002-11-03,Yemen,17.015166,44.022514,0,0,4,2012
442,55c79e721cbee48856a30a40,2002-11-03,Yemen,15.381761,44.21044,0,0,3,2012
443,55c79e721cbee48856a30a41,2002-11-03,Pakistan,32.29337255,69.49728012,0,0,4,2012
444,55c79e721cbee48856a30a42,2002-11-03,Pakistan,32.29337255,69.49728012,0,0,4,2012
445,55c79e721cbee48856a30a43,2002-11-03,Pakistan,32.957941,70.168712,0,1,11,2012
446,55c79e721cbee48856a30a44,2002-11-03,Pakistan,33.00175347,70.01415253,0,3,4,2012
447,55c79e721cbee48856a30a45,2002-11-03,Pakistan,32.98462003,70.37618637,0,0,6,2012
448,55c79e721cbee48856a30a46,2002-11-03,Yemen,14.099622,45.432054,0,0,3,2012
449,55c79e721cbee48856a30a47,2002-11-03,Yemen,16.539117,49.149095,0,0,5,2012
450,55c79e721cbee48856a30a48,2002-11-03,Yemen,16.539117,49.149095,0,0,2,2012
451,55c79e721cbee48856a30a49,2002-11-03,Pakistan,33.01873964,69.65881348,0,0,5,2012
452,55c79e721cbee48856a30a4a,2002-11-03,Yemen,14.099622,45.432054,0,0,4,2012
453,55c79e721cbee48856a30a4b,2002-11-03,Yemen,14.653544,47.009442,0,0,1,2013
454,55c79e721cbee48856a30a4c,2002-11-03,Pakistan,32.48659683,69.28321838,0,0,11,2013
455,55c79e721cbee48856a30a4d,2002-11-03,Pakistan,32.95826549,70.24108887,0,0,6,2013
456,55c79e721cbee48856a30a4e,2002-11-03,Yemen,14.410844,44.840248,0,0,3,2013
457,55c79e721cbee48856a30a4f,2002-11-03,Pakistan,32.65389,70.19083,0,0,18,2013
458,55c79e721cbee48856a30a50,2002-11-03,Pakistan,32.9700756,70.31078339,1,2,9,2013
459,55c79e721cbee48856a30a51,2002-11-03,Pakistan,32.953944,70.262883,0,0,4,2013
460,55c79e721cbee48856a30a52,2002-11-03,Pakistan,32.953944,70.262883,0,0,6,2013
461,55c79e721cbee48856a30a53,2002-11-03,Yemen,15.519499,45.317648,0,0,0,2013
462,55c79e721cbee48856a30a54,2002-11-03,Yemen,15.519499,45.317648,0,3,4,2013
463,55c79e721cbee48856a30a55,2002-11-03,Yemen,15.519499,45.317648,0,4,6,2013
464,55c79e721cbee48856a30a56,2002-11-03,Yemen,15.769722,45.41,0,0,3,2013
465,55c79e721cbee48856a30a57,2002-11-03,Yemen,15.460938,45.321382,0,0,4,2013
466,55c79e721cbee48856a30a58,2002-11-03,Yemen,16.565146,45.538211,0,0,5,2013
467,55c79e721cbee48856a30a59,2002-11-03,Yemen,15.704444,43.448889,0,2,7,2013
468,55c79e721cbee48856a30a5a,2002-11-03,Yemen,13.986689,45.574143,2,2,4,2013
469,55c79e721cbee48856a30a5b,2002-11-03,Pakistan,32.95826549,70.24108887,0,2,5,2013
470,55c79e721cbee48856a30a5c,2002-11-03,Pakistan,32.65389,70.19083,0,0,9,2013
471,55c79e721cbee48856a30a5d,2002-11-03,Pakistan,33.151242,70.434707,0,0,3,2013
472,55c79e721cbee48856a30a5e,2002-11-03,Pakistan,33.151242,70.434707,0,0,4,2013
473,55c79e721cbee48856a30a5f,2002-11-03,Pakistan,33.151242,70.434707,0,0,5,2013
474,55c79e721cbee48856a30a60,2002-11-03,Pakistan,32.516081,70.02398,0,0,6,2013
475,55c79e721cbee48856a30a61,2002-11-03,Yemen,14.550014,44.400374,0,0,5,2013
476,55c79e721cbee48856a30a62,2002-11-03,Yemen,15.519499,45.317648,0,0,2,2013
477,55c79e721cbee48856a30a63,2002-11-03,Yemen,14.037734,46.767517,0,0,7,2013
478,55c79e721cbee48856a30a64,2002-11-03,Yemen,14.410844,44.840248,0,0,2,2013
479,55c79e721cbee48856a30a65,2002-11-03,Pakistan,32.97742,70.08634,0,0,7,2013
480,55c79e721cbee48856a30a66,2002-11-03,Yemen,14.03382,46.786228,0,0,8,2013
481,55c79e721cbee48856a30a67,2002-11-03,Pakistan,32.779193,69.873047,0,0,7,2013
482,55c79e721cbee48856a30a68,2002-11-03,Yemen,16.696709,45.109863,1,2,6,2013
483,55c79e721cbee48856a30a69,2002-11-03,Pakistan,33.0020414,70.06084442,0,0,18,2013
484,55c79e721cbee48856a30a6a,2002-11-03,Pakistan,32.99988191,70.34082413,0,0,3,2013
485,55c79e721cbee48856a30a6b,2002-11-03,Yemen,14.037317,46.768633,0,0,9,2013
486,55c79e721cbee48856a30a6c,2002-11-03,Pakistan,32.779193,69.873047,0,0,8,2013
487,55c79e721cbee48856a30a6d,2002-11-03,Yemen,14.588566,46.332241,0,0,4,2013
488,55c79e721cbee48856a30a6e,2002-11-03,Yemen,15.904444,48.568056,1,0,5,2013
489,55c79e721cbee48856a30a6f,2002-11-03,Yemen,15.519499,45.317648,0,0,4,2013
490,55c79e721cbee48856a30a70,2002-11-03,Yemen,14.98284,46.59975,0,0,8,2013
491,55c79e721cbee48856a30a71,2002-11-03,Yemen,15.51948,45.317652,0,2,8,2013
492,55c79e721cbee48856a30a72,2002-11-03,Yemen,14.635202,49.008491,0,0,3,2013
493,55c79e721cbee48856a30a73,2002-11-03,Yemen,15.840861,48.483724,0,0,5,2013
494,55c79e721cbee48856a30a74,2002-11-03,Yemen,13.232191,44.777508,0,0,5,2013
495,55c79e721cbee48856a30a75,2002-11-03,Yemen,16.1532,43.1867,0,0,2,2013
496,55c79e721cbee48856a30a76,2002-11-03,Yemen,14.099622,45.432054,0,0,6,2013
497,55c79e721cbee48856a30a77,2002-11-03,Pakistan,32.96201033,70.33344269,0,0,4,2013
498,55c79e721cbee48856a30a78,2002-11-03,Pakistan,33.04694673,70.02033234,0,0,7,2013
499,55c79e721cbee48856a30a79,2002-11-03,Pakistan,32.7026315,69.9816857,0,0,7,2013
500,55c79e721cbee48856a30a7a,2002-11-03,Pakistan,33.04694673,70.02033234,0,0,6,2013
501,55c79e721cbee48856a30a7b,2002-11-03,Pakistan,33.02133047,69.82566833,0,0,4,2013
502,55c79e721cbee48856a30a7c,2002-11-03,Somalia,0.4932,42.77408,0,0,2,2013
503,55c79e721cbee48856a30a7d,2002-11-03,Pakistan,33.0017,70.0673,0,0,5,2013
504,55c79e721cbee48856a30a7e,2002-11-03,Pakistan,33.020179,70.07286072,0,0,25,2013
505,55c79e721cbee48856a30a7f,2002-11-03,Yemen,15.993,48.847,0,0,4,2013
506,55c79e721cbee48856a30a80,2002-11-03,Pakistan,33.4644138,70.9798979,0,0,9,2013
507,55c79e721cbee48856a30a81,2002-11-03,Pakistan,32.97776297,70.08612137,0,0,3,2013
508,55c79e721cbee48856a30a82,2002-11-03,Yemen,15.84201676,48.45545951,0,0,4,2013
509,55c79e721cbee48856a30a83,2002-11-03,Yemen,14.40948662,44.84022741,0,15,17,2013
510,55c79e721cbee48856a30a84,2002-11-03,Yemen,15.85213141,48.49708739,0,0,2,2013
511,55c79e721cbee48856a30a85,2002-11-03,Pakistan-Afghanistan Border,34.23152137,71.04002456,0,0,7,2013
512,55c79e721cbee48856a30a86,2002-11-03,Pakistan,32.98418805,70.07663727,0,0,4,2013
513,55c79e721cbee48856a30a87,2002-11-03,Yemen,15.92518852,48.63614342,0,0,6,2013
514,55c79e721cbee48856a30a88,2002-11-03,Yemen,14.45048082,44.86872157,0,0,2,2014
515,55c79e721cbee48856a30a89,2002-11-03,Yemen,15.83718625,48.4719651,0,0,2,2014
516,55c79e721cbee48856a30a8a,2002-11-03,Yemen,15.9102365,48.61546852,0,0,1,2014
517,55c79e721cbee48856a30a8b,2002-11-03,Yemen,15.519499,45.317648,0,0,5,2014
518,55c79e721cbee48856a30a8c,2002-11-03,Somalia,0.538867787,43.05437987,0,0,9,2014
519,55c79e721cbee48856a30a8d,2002-11-03,Yemen,15.45017719,45.3186518,0,0,3,2014
520,55c79e721cbee48856a30a8e,2002-11-03,Yemen,14.05730864,46.90706935,0,0,1,2014
521,55c79e721cbee48856a30a8f,2002-11-03,Yemen,14.03640126,46.77107878,0,0,4,2014
522,55c79e721cbee48856a30a90,2002-11-03,Yemen,16.565146,45.538211,0,0,4,2014
523,55c79e721cbee48856a30a91,2002-11-03,Yemen,15.50657523,45.27945549,1,1,4,2014
524,55c79e721cbee48856a30a92,2002-11-03,Yemen,17.34012923,43.55072601,0,0,3,2014
525,55c79e721cbee48856a30a93,2002-11-03,Yemen,14.05730864,46.90706935,0,0,3,2014
526,55c79e721cbee48856a30a94,2002-11-03,Yemen,14.08533567,45.80343227,0,8,21,2014
527,55c79e721cbee48856a30a95,2002-11-03,Yemen,14.04874019,46.91922791,1,0,31,2014
528,55c79e721cbee48856a30a96,2002-11-03,Yemen,14.6757656,46.29878849,1,0,4,2014
529,55c79e721cbee48856a30a97,2002-11-03,Yemen,15.61240195,45.51011473,0,0,6,2014
530,55c79e721cbee48856a30a98,2002-11-03,Yemen,15.61240195,45.51011473,0,0,4,2014
531,55c79e721cbee48856a30a99,2002-11-03,Pakistan,33.07804735,69.91707654,0,0,6,2014
532,55c79e721cbee48856a30a9a,2002-11-03,Pakistan,33.03137271,70.02775522,0,0,10,2014
533,55c79e721cbee48856a30a9b,2002-11-03,Yemen,14.47769544,46.15628273,0,0,6,2014
534,55c79e721cbee48856a30a9c,2002-11-03,Pakistan,33.08948188,69.96249171,0,0,8,2014
535,55c79e721cbee48856a30a9d,2002-11-03,Pakistan,32.898757,69.757682,0,0,7,2014
536,55c79e721cbee48856a30a9e,2002-11-03,Pakistan,32.898313,69.749205,0,0,24,2014
537,55c79e721cbee48856a30a9f,2002-11-03,Pakistan,32.899205,69.769976,0,0,15,2014
538,55c79e721cbee48856a30aa0,2002-11-03,Pakistan,32.901274,69.731456,0,0,7,2014
539,55c79e721cbee48856a30aa1,2002-11-03,Yemen,15.412781,45.375369,0,0,3,2014
540,55c79e721cbee48856a30aa2,2002-11-03,Yemen,16.367958,49.545398,0,0,3,2014
541,55c79e721cbee48856a30aa3,2002-11-03,Somalia,1.206811,43.873565,0,0,8,2014
542,55c79e721cbee48856a30aa4,2002-11-03,Yemen,15.059262,46.855642,0,0,5,2014
543,55c79e721cbee48856a30aa5,2002-11-03,Pakistan,32.904805,69.780743,0,0,11,2014
544,55c79e721cbee48856a30aa6,2002-11-03,Yemen,16.16924,44.796697,0,0,3,2014
545,55c79e721cbee48856a30aa7,2002-11-03,Pakistan,32.268118,69.581148,0,0,4,2014
546,55c79e721cbee48856a30aa8,2002-11-03,Pakistan,32.578645,69.449321,0,0,5,2014
547,55c79e721cbee48856a30aa9,2002-11-03,Pakistan,32.578959,69.45239,0,0,8,2014
548,55c79e721cbee48856a30aaa,2002-11-03,Pakistan,32.585922,69.448686,0,0,7,2014
549,55c79e721cbee48856a30aab,2002-11-03,Pakistan,32.91666,69.763804,0,0,4,2014
550,55c79e721cbee48856a30aac,2002-11-03,Pakistan,32.908295,69.744568,0,0,4,2014
551,55c79e721cbee48856a30aad,2002-11-03,Pakistan,32.911025,69.762962,0,0,4,2014
552,55c79e721cbee48856a30aae,2002-11-03,Pakistan,33.815428,70.667356,0,0,6,2014
553,55c79e721cbee48856a30aaf,2002-11-03,Pakistan,32.804136,69.681201,0,0,4,2014
554,55c79e721cbee48856a30ab0,2002-11-03,Yemen,14.265494,47.588714,0,0,4,2014
555,55c79e721cbee48856a30ab1,2002-11-03,Yemen,14.412101,44.864604,0,0,10,2014
556,55c79e721cbee48856a30ab2,2002-11-03,Pakistan,32.312553,69.405773,0,0,7,2014
557,55c79e721cbee48856a30ab3,2002-11-03,Yemen,14.427058,44.837306,0,0,10,2014
558,55c79e721cbee48856a30ab4,2002-11-03,Yemen,14.433748,44.857733,0,0,5,2014
559,55c79e721cbee48856a30ab5,2002-11-03,Yemen,14.418977,44.855855,0,0,2,2014
560,55c79e721cbee48856a30ab6,2002-11-03,Pakistan,32.903424,69.771795,2,0,7,2014
561,55c79e721cbee48856a30ab7,2002-11-03,Yemen,14.319685,47.442831,0,0,8,2014
562,55c79e721cbee48856a30ab8,2002-11-03,Pakistan,32.895606,69.72912,0,0,8,2014
563,55c79e721cbee48856a30ab9,2002-11-03,Pakistan,32.713078,69.586956,0,0,9,2014
564,55c79e721cbee48856a30aba,2002-11-03,Pakistan,32.931972,69.755025,0,0,6,2014
565,55c79e721cbee48856a30abb,2002-11-03,Pakistan,32.899015,69.769954,0,0,6,2014
566,55c79e721cbee48856a30abc,2002-11-03,Pakistan,32.786696,69.677233,0,0,10,2014
567,55c79e721cbee48856a30abd,2002-11-03,Somalia,1.6378,42.456479,0,0,3,2014
568,55c79e721cbee48856a30abe,2002-11-03,Pakistan,33.141547,70.031364,0,0,6,2015
569,55c79e721cbee48856a30abf,2002-11-03,Pakistan,32.709132,69.623301,0,2,7,2015
570,55c79e721cbee48856a30ac0,2002-11-03,Pakistan,32.567156,69.829475,0,0,7,2015
571,55c79e721cbee48856a30ac1,2002-11-03,Pakistan,32.697184,69.564403,0,0,7,2015
572,55c79e721cbee48856a30ac2,2002-11-03,Yemen,14.367268,47.340372,1,2,3,2015
573,55c79e721cbee48856a30ac3,2002-11-03,Pakistan,32.682519,69.548837,0,0,7,2015
574,55c79e721cbee48856a30ac4,2002-11-03,Yemen,14.249816,47.646369,0,0,4,2015
575,55c79e721cbee48856a30ac5,2002-11-03,Somalia,2.404201,42.973463,0,4,9,2015
576,55c79e721cbee48856a30ac6,2002-11-03,Yemen,14.443052,44.816408,0,0,6,2015
577,55c79e721cbee48856a30ac7,2002-11-03,Yemen,14.094725,47.735589,0,0,3,2015
578,55c79e721cbee48856a30ac8,2002-11-03,Yemen,14.819049,45.727767,0,0,4,2015
579,55c79e721cbee48856a30ac9,2002-11-03,Yemen,15.466667,46.983333,0,0,3,2015
580,55c79e721cbee48856a30aca,2002-11-03,Somalia,2.340207,42.301185,0,0,3,2015
581,55c79e721cbee48856a30acb,2002-11-03,Pakistan,32.666049,69.539043,0,0,4,2015
582,55c79e721cbee48856a30acc,2002-11-03,Yemen,14.534377,49.152317,0,0,7,2015
583,55c79e721cbee48856a30acd,2002-11-03,Yemen,14.530317,49.131188,1,0,7,2015
584,55c79e721cbee48856a30ace,2002-11-03,Yemen,14.541251,46.825365,0,0,4,2015
585,55c79e721cbee48856a30acf,2002-11-03,Yemen,14.545051,49.128787,0,0,4,2015
586,55c79e721cbee48856a30ad0,2002-11-03,Pakistan,32.710491,69.570101,0,0,7,2015
587,55c79e721cbee48856a30ad1,2002-11-03,Yemen,14.566056,46.707753,0,0,3,2015
588,55c79e721cbee48856a30ad2,2002-11-03,Pakistan,32.786701,69.677244,0,0,6,2015
589,55c79e721cbee48856a30ad3,2002-11-03,Pakistan,32.809519,69.683522,0,0,5,2015
590,55c79e721cbee48856a30ad4,2002-11-03,Pakistan,32.70913,69.623297,0,0,9,2015
591,55c79e721cbee48856a30ad5,2002-11-03,Yemen,14.524904,49.149844,0,0,3,2015
592,55c79e721cbee48856a30ad6,2002-11-03,Yemen,14.564614,49.145514,0,0,5,2015
593,55c79e721cbee48856a30ad7,2002-11-03,Yemen,14.463728,47.27814,0,0,5,2015
594,55c79e721cbee48856a30ad8,2002-11-03,Yemen,14.539579,49.161134,0,0,4,2015
595,55c79e721cbee48856a30ad9,2002-11-03,Somalia,2.33904,42.28261,0,0,30,2015
596,55c79e721cbee48856a30ada,2002-11-03,Yemen,14.06686,46.908802,0,0,5,2015
597,55c79e721cbee48856a30adb,2002-11-03,Pakistan,33.147819,70.030368,0,0,7,2015
598,55cb75b31cbee48856a30adc,2002-11-03,Yemen,14.510192,49.169265,0,0,5,2015
599,55dcf5d21cbee48856a30add,2002-11-03,Yemen,14.925974,45.503675,0,0,3,2015
600,55dcf5d21cbee48856a30ade,2002-11-03,Yemen,14.665913,49.373044,0,0,4,2015
601,55df3f601cbee48856a30ae1,2002-11-03,Yemen,14.528818,49.142459,0,0,5,2015
602,55e716011cbee48856a30ae3,2002-11-03,Pakistan,32.906507,69.746042,0,0,6,2015
603,55f8995e1cbee48856a30ae4,2002-11-03,Yemen,14.535427,49.114324,0,4,6,2015
604,55f8995e1cbee48856a30ae5,2002-11-03,Yemen,15.994549,44.817237,0,0,5,2015
605,5601c96c1cbee48856a30ae6,2002-11-03,Yemen,15.515821,45.372615,0,0,2,2015
606,5665e39f395e4f60f00bca01,2002-11-03,Somalia,2.618306,45.178012,0,0,10,2015
607,5679859c395e4f60f00bca02,2002-11-03,Somalia,1.641456,44.266686,0,0,5,2015
608,5679af70395e4f60f00bca03,2002-11-03,Yemen,14.571209,45.642549,0,0,4,2015
609,56943309395e4f60f00bca04,2002-11-03,Pakistan,32.904796,69.741237,0,0,5,2016
610,56d9208e395e4f60f00bca05,2002-11-03,Yemen,,,0,0,3,2016
611,56d9208e395e4f60f00bca06,2002-11-03,Yemen,,,0,0,2,2016
612,56d9208e395e4f60f00bca07,2002-11-03,Yemen,,,0,0,3,2016
613,56d9208f395e4f60f00bca08,2002-11-03,Yemen,,,0,0,6,2016
614,56d9208f395e4f60f00bca09,2002-11-03,Yemen,,,0,0,3,2016
615,56d9208f395e4f60f00bca0a,2002-11-03,Pakistan,,,0,0,5,2016
616,56d9f27d395e4f60f00bca0d,2002-11-03,Yemen,,,0,0,4,2016
